{
  "appVersion" : {
    "type" : "string",
    "description" : "Version of the Premigration Advisor Application in standard Oracle version number format with between 3 and 5 segments"
  },
  "checksVersion" : {
    "type" : "string",
    "description" : "The version of the Checks being done in standard Oracle version number format with between 3 and 5 segments"
  },
  "reportDate" : {
    "type" : "string",
    "description" : "The date-time the analysis was done in ISO_DATE_TIME format. For example: 2019-12-15T08:43:41Z",
    "format" : "date-time"
  },
  "result" : {
    "type" : "string",
    "description" : "Overall result of running the Cloud Premigration Advisor tool. e.g. whether the analysis completed successfully, or with warnings, etc., or failed to complete at all (FATAL). If 20 checks are completed successfully and one has issues, then this field indicates there were issues.",
    "enum" : [ "PASS", "INFORMATIONAL", "WARNING", "BLOCKER", "FATAL" ]
  },
  "cpatKey" : {
    "type" : [ "string", "null" ],
    "description" : "Label Oracle Estate Explorer uses to identify the database CPAT is analyzing"
  },
  "isCpatKeyAutoGenerated" : {
    "type" : [ "string", "null" ],
    "description" : "Identifies whether the OEE key was passed in manually or was auto-generated by CPAT"
  },
  "analysisPropertiesFile" : {
    "type" : "string",
    "description" : "The properties file used during source analysis"
  },
  "absoluteOutputPath" : {
    "type" : "string",
    "description" : "The output folder path for files generated by CPAT source analysis. Reports, logfiles, and any other output files will be created at or below this "
  },
  "checkResultDescriptions" : {
    "type" : "array",
    "description" : "Maps the result of analysis to the descriptions of what that results means. The 'result' attribute of this report and the 'result' attribute of each Check in the 'checkList' array can be used as an index into this object.",
    "items" : {
      "type" : "object",
      "id" : "urn:jsonschema:com:oracle:premigration:reports:CheckResultDescription",
      "additionalProperties" : false,
      "properties" : {
        "resultName" : {
          "type" : "string",
          "enum" : [ "PASS", "INFORMATIONAL", "WARNING", "BLOCKER", "FATAL" ]
        },
        "resultDisplayName" : {
          "type" : "string"
        },
        "resultSeverity" : {
          "type" : "integer"
        },
        "resultDescription" : {
          "type" : "string"
        }
      }
    }
  },
  "reportNotes" : {
    "type" : "array",
    "description" : "A list of terms used in CPAT reports that could use explanation",
    "items" : {
      "type" : "object",
      "id" : "urn:jsonschema:com:oracle:premigration:reports:text:ReportNotes",
      "additionalProperties" : false,
      "properties" : {
        "numeration" : {
          "type" : "string"
        },
        "information" : {
          "type" : "string"
        }
      }
    }
  },
  "analysisNotes" : {
    "type" : "array",
    "description" : "List of details to be considered after running CPAT.",
    "items" : {
      "type" : "object",
      "id" : "urn:jsonschema:com:oracle:premigration:reports:AnalysisNotes",
      "additionalProperties" : false,
      "properties" : {
        "numeration" : {
          "type" : "string"
        },
        "information" : {
          "type" : "string"
        }
      }
    }
  },
  "analysisMode" : {
    "type" : "string",
    "description" : "The analysis (JOB) mode used for CPAT source analysis",
    "enum" : [ "FULL", "SCHEMA" ]
  },
  "errorMessage" : {
    "type" : "string",
    "description" : "Message indicating what prevented the tool from completing the analysis. Only present when 'result' indicates a fatal error."
  },
  "hostName" : {
    "type" : "string",
    "description" : "The host name of the machine where the analysis is running"
  },
  "cloudService" : {
    "type" : "object",
    "id" : "urn:jsonschema:com:oracle:premigration:dbinspector:addinform:CloudService",
    "description" : "Determines where is the database running location of the source database",
    "additionalProperties" : false,
    "properties" : {
      "cloudVendor" : {
        "type" : "string",
        "description" : "Name of the cloud provider where the source database is located."
      },
      "serviceType" : {
        "type" : [ "string", "null" ],
        "description" : "The name of the service or what the vendor refers to as the source database."
      }
    }
  },
  "installedPackages" : {
    "type" : "array",
    "description" : "List of packages installed in the source instance.",
    "items" : {
      "type" : "object",
      "id" : "urn:jsonschema:com:oracle:premigration:dbinspector:addinform:InstalledPackage",
      "additionalProperties" : false,
      "properties" : {
        "packageName" : {
          "type" : "string",
          "description" : "The name of package installed in the source instance"
        }
      }
    }
  },
  "srcRedoData" : {
    "type" : "object",
    "id" : "urn:jsonschema:com:oracle:premigration:dbinspector:addinform:RedoData",
    "description" : "Source redo size, history, and related information.",
    "additionalProperties" : false,
    "properties" : {
      "logMode" : {
        "type" : "string",
        "description" : "The LOG_MODE from V$DATABASE; typically ARCHIVELOG or NOARCHIVELOG"
      },
      "sysStatRedoSize" : {
        "type" : "array",
        "description" : "GV$SYSSTAT Redo size information",
        "items" : {
          "type" : "object",
          "id" : "urn:jsonschema:com:oracle:premigration:dbinspector:addinform:redo:RedoSize",
          "additionalProperties" : false,
          "properties" : {
            "instanceId" : {
              "type" : "integer",
              "description" : "The instance identifier associated with the redo"
            },
            "redoSizeInMB" : {
              "type" : "number",
              "description" : "Redo size in MB"
            },
            "instanceOpenTime" : {
              "type" : "string",
              "description" : "The date-time the database was opened in ISO_DATE_TIME format. For example: 2023-12-15T08:43:41Z",
              "format" : "date-time"
            }
          }
        }
      },
      "redoHistory" : {
        "type" : "array",
        "description" : "Redo history data",
        "items" : {
          "type" : "object",
          "id" : "urn:jsonschema:com:oracle:premigration:dbinspector:addinform:redo:RedoHistory",
          "additionalProperties" : false,
          "properties" : {
            "threadId" : {
              "type" : "integer",
              "description" : "The Redo thread number"
            },
            "completionDate" : {
              "type" : "string",
              "description" : "The date when the archiving completed in ISO_DATE_TIME format. For example: 2024-09-20T00:00:00Z",
              "format" : "date-time"
            },
            "numArchiveLogs" : {
              "type" : "integer",
              "description" : "The Number of Archive Logs"
            },
            "sizeInMB" : {
              "type" : "number",
              "description" : "Sum of the logs in Megabytes"
            }
          }
        }
      },
      "redoLogs" : {
        "type" : "array",
        "description" : "Redo logs data",
        "items" : {
          "type" : "object",
          "id" : "urn:jsonschema:com:oracle:premigration:dbinspector:addinform:redo:RedoLogs",
          "additionalProperties" : false,
          "properties" : {
            "groupNumber" : {
              "type" : "integer",
              "description" : "Log group number."
            },
            "threadNumber" : {
              "type" : "integer",
              "description" : "Log thread number."
            },
            "sequenceNumber" : {
              "type" : "integer",
              "description" : "Log sequence number."
            },
            "logSizeInMB" : {
              "type" : "number",
              "description" : "Size of the log (in MB)."
            },
            "blockSize" : {
              "type" : "integer",
              "description" : "Block size of the log file."
            },
            "members" : {
              "type" : "integer",
              "description" : "Number of members in the log group."
            },
            "archived" : {
              "type" : "string",
              "description" : "Identifies whether the log is archived."
            },
            "status" : {
              "type" : "string",
              "description" : "Identified the status of the log."
            }
          }
        }
      },
      "standByLogs" : {
        "type" : "array",
        "description" : "Stand By logs data",
        "items" : {
          "type" : "object",
          "id" : "urn:jsonschema:com:oracle:premigration:dbinspector:addinform:redo:StandByLogs",
          "additionalProperties" : false,
          "properties" : {
            "threadNumber" : {
              "type" : "integer",
              "description" : "Log thread number."
            },
            "groupNumber" : {
              "type" : "integer",
              "description" : "Log group number."
            },
            "sequenceNumber" : {
              "type" : "integer",
              "description" : "Log sequence number."
            },
            "logSizeInMB" : {
              "type" : "number",
              "description" : "Size of the log (in MB)."
            },
            "archived" : {
              "type" : "string",
              "description" : "Identifies whether the log is archived."
            },
            "status" : {
              "type" : "string",
              "description" : "Identified the status of the log."
            }
          }
        }
      }
    }
  },
  "srcHighWaterMarkStatistics" : {
    "type" : "array",
    "description" : "Source High Water Mark statistics",
    "items" : {
      "type" : "object",
      "id" : "urn:jsonschema:com:oracle:premigration:dbinspector:addinform:supplemental:HighWaterMarkStat",
      "additionalProperties" : false,
      "properties" : {
        "dbid" : {
          "type" : "integer",
          "description" : "The DBID"
        },
        "name" : {
          "type" : "string",
          "description" : "The name of the high water mark statistic"
        },
        "version" : {
          "type" : "string",
          "description" : "The version for the high water mark statistic"
        },
        "highWaterValue" : {
          "type" : "number",
          "description" : "The high water value of the high water mark statistic"
        },
        "lastValue" : {
          "type" : "number",
          "description" : "The last value of the high water mark statistic"
        }
      }
    }
  },
  "srcLogonTriggers" : {
    "type" : "array",
    "description" : "Source DATABASE and SCHEMA Triggers",
    "items" : {
      "type" : "object",
      "id" : "urn:jsonschema:com:oracle:premigration:dbinspector:addinform:supplemental:DatabaseTrigger",
      "additionalProperties" : false,
      "properties" : {
        "owner" : {
          "type" : "string",
          "description" : "The owner of the trigger"
        },
        "triggerName" : {
          "type" : "string",
          "description" : "Name of the trigger"
        },
        "triggerType" : {
          "type" : "string",
          "description" : "When the trigger fires. e.g. 'AFTER EVENT'"
        },
        "triggeringEvent" : {
          "type" : "string",
          "description" : "DML, DDL, or database event that fires the trigger"
        },
        "tableOwner" : {
          "type" : "string",
          "description" : "Owner of the table on which the trigger is defined"
        },
        "baseObjectType" : {
          "type" : "string",
          "description" : "Base object on which the trigger is defined"
        },
        "tableName" : {
          "type" : "string",
          "description" : "If the base object type of the trigger is SCHEMA or DATABASE, then this column is NULL; if the base object type of the trigger is TABLE or VIEW, then this column indicates the table or view name on which the trigger is defined"
        },
        "columnName" : {
          "type" : "string",
          "description" : "Name of the nested table column (if a nested table trigger), else NULL"
        },
        "referencingNames" : {
          "type" : "string",
          "description" : "Names used for referencing OLD and NEW column values from within the trigger"
        },
        "whenClause" : {
          "type" : "string",
          "description" : "Must evaluate to TRUE for TRIGGER_BODY to execute"
        },
        "status" : {
          "type" : "string",
          "description" : "Indicates whether the trigger is enabled (ENABLED) or disabled (DISABLED); a disabled trigger will not fire"
        },
        "description" : {
          "type" : "string",
          "description" : "Trigger description; useful for re-creating a trigger creation statement"
        },
        "actionType" : {
          "type" : "string",
          "description" : "Action type of the trigger body: 'CALL' or 'PL/SQL'"
        },
        "crossedition" : {
          "type" : "string",
          "description" : "Type of crossedition trigger: FORWARD, REVERSE, NO"
        },
        "beforeStatement" : {
          "type" : "string",
          "description" : "Indicates whether the trigger has a BEFORE STATEMENT section (YES) or not (NO)"
        },
        "beforeRow" : {
          "type" : "string",
          "description" : "Indicates whether the trigger has a BEFORE EACH ROW section (YES) or not (NO)"
        },
        "afterRow" : {
          "type" : "string",
          "description" : "Indicates whether the trigger has an AFTER EACH ROW section (YES) or not (NO)"
        },
        "afterStatement" : {
          "type" : "string",
          "description" : "Indicates whether the trigger has an AFTER STATEMENT section (YES) or not (NO)"
        },
        "insteadOfRow" : {
          "type" : "string",
          "description" : "Indicates whether the trigger has an INSTEAD OF section (YES) or not (NO)"
        },
        "fireOnce" : {
          "type" : "string",
          "description" : "Indicates whether the trigger will fire only for user processes making changes (YES) or whether the trigger will also fire for Replication Apply or SQL Apply processes (NO)"
        },
        "applyServerOnly" : {
          "type" : "string",
          "description" : "Indicates whether the trigger will only fire for a Replication Apply or SQL Apply process (YES) or not (NO). If set to YES, then the setting of FIRE_ONCE does not matter."
        }
      }
    }
  },
  "srcHCCTables" : {
    "type" : "array",
    "description" : "Source Hybrid Columnar Compression data",
    "items" : {
      "type" : "object",
      "id" : "urn:jsonschema:com:oracle:premigration:dbinspector:addinform:supplemental:HybridColumnarCompressionTable",
      "additionalProperties" : false,
      "properties" : {
        "owner" : {
          "type" : "string",
          "description" : "The owner of the table with Hybrid Columnar Compression"
        },
        "tableName" : {
          "type" : "string",
          "description" : "The name of the table with Hybrid Columnar Compression"
        },
        "compressFor" : {
          "type" : "string",
          "description" : "The type of compression; typically 'QUERY HIGH','QUERY LOW','ARCHIVE HIGH', or 'ARCHIVE LOW'"
        }
      }
    }
  },
  "srcSchemaSummary" : {
    "type" : "object",
    "id" : "urn:jsonschema:com:oracle:premigration:dbinspector:addinform:SchemaSummary",
    "description" : "Summary of source schema objects",
    "additionalProperties" : false,
    "properties" : {
      "applicationSchemaObjects" : {
        "type" : "array",
        "items" : {
          "type" : "object",
          "id" : "urn:jsonschema:com:oracle:premigration:dbinspector:addinform:schemasummary:ApplicationSchemaObjects",
          "additionalProperties" : false,
          "properties" : {
            "owner" : {
              "type" : "string",
              "description" : "The owner of the object"
            },
            "tables" : {
              "type" : "integer",
              "description" : "The number of tables owned by the user"
            },
            "tablePartitions" : {
              "type" : "integer",
              "description" : "The number of table partitions owned by the user"
            },
            "tableSubpartitions" : {
              "type" : "integer",
              "description" : "The number of table sub-partitions owned by the user"
            },
            "indexes" : {
              "type" : "integer",
              "description" : "The number of indexes owned by the user"
            },
            "indexPartitions" : {
              "type" : "integer",
              "description" : "The number of index partitions owned by the user"
            },
            "indexSubpartitions" : {
              "type" : "integer",
              "description" : "The number of index sub-partitions owned by the user"
            },
            "views" : {
              "type" : "integer",
              "description" : "The number of views owned by the user"
            },
            "materializedViews" : {
              "type" : "integer",
              "description" : "The number of materialized views owned by the user"
            },
            "triggers" : {
              "type" : "integer",
              "description" : "The number of triggers owned by the user"
            },
            "packages" : {
              "type" : "integer",
              "description" : "The number of packages owned by the user"
            },
            "procedures" : {
              "type" : "integer",
              "description" : "The number of procedures owned by the user"
            },
            "functions" : {
              "type" : "integer",
              "description" : "The number of functions owned by the user"
            },
            "libraries" : {
              "type" : "integer",
              "description" : "The number of libraries owned by the user"
            },
            "synonyms" : {
              "type" : "integer",
              "description" : "The number of synonyms owned by the user"
            },
            "types" : {
              "type" : "integer",
              "description" : "The number of types owned by the user"
            },
            "sequences" : {
              "type" : "integer",
              "description" : "The number of sequences owned by the user"
            }
          }
        }
      },
      "objectTypeDistribution" : {
        "type" : "array",
        "items" : {
          "type" : "object",
          "id" : "urn:jsonschema:com:oracle:premigration:dbinspector:addinform:schemasummary:ObjectTypeDistribution",
          "additionalProperties" : false,
          "properties" : {
            "owner" : {
              "type" : "string",
              "description" : "The owner of the database object"
            },
            "objectType" : {
              "type" : "string",
              "description" : "The type of the database object (e.g., TABLE, INDEX, PROCEDURE, etc.)"
            },
            "status" : {
              "type" : "string",
              "description" : "The status of the database object (e.g., VALID, INVALID, etc.)"
            },
            "total" : {
              "type" : "integer",
              "description" : "The total number of database objects matching the specified criteria"
            }
          }
        }
      },
      "columnTypeDistribution" : {
        "type" : "array",
        "items" : {
          "type" : "object",
          "id" : "urn:jsonschema:com:oracle:premigration:dbinspector:addinform:schemasummary:ColumnTypeDistribution",
          "additionalProperties" : false,
          "properties" : {
            "owner" : {
              "type" : "string",
              "description" : "The owner of the table"
            },
            "dataType" : {
              "type" : "string",
              "description" : "The data type of the column"
            },
            "total" : {
              "type" : "integer",
              "description" : "The total number of columns with the specified data type"
            }
          }
        }
      },
      "invalidObjects" : {
        "type" : "array",
        "items" : {
          "type" : "object",
          "id" : "urn:jsonschema:com:oracle:premigration:dbinspector:addinform:schemasummary:InvalidObjects",
          "additionalProperties" : false,
          "properties" : {
            "owner" : {
              "type" : "string",
              "description" : "The owner of the object"
            },
            "objectType" : {
              "type" : "string",
              "description" : "The type of the object"
            },
            "total" : {
              "type" : "integer",
              "description" : "The total number of invalid objects"
            }
          }
        }
      },
      "largest50Tables" : {
        "type" : "array",
        "items" : {
          "type" : "object",
          "id" : "urn:jsonschema:com:oracle:premigration:dbinspector:addinform:schemasummary:Largest50Tables",
          "additionalProperties" : false,
          "properties" : {
            "owner" : {
              "type" : "string",
              "description" : "The owner of the table"
            },
            "tableName" : {
              "type" : "string",
              "description" : "The name of the table"
            },
            "sizeInGB" : {
              "type" : "number",
              "description" : "The size of the table in gigabytes"
            }
          }
        }
      },
      "largest50Objects" : {
        "type" : "array",
        "items" : {
          "type" : "object",
          "id" : "urn:jsonschema:com:oracle:premigration:dbinspector:addinform:schemasummary:Largest50Objects",
          "additionalProperties" : false,
          "properties" : {
            "owner" : {
              "type" : "string",
              "description" : "The owner of the object"
            },
            "object" : {
              "type" : "string",
              "description" : "The name of the object"
            },
            "type" : {
              "type" : "string",
              "description" : "The type of the object"
            },
            "partitionName" : {
              "type" : "string",
              "description" : "The partition name of the object"
            },
            "sizeInGB" : {
              "type" : "number",
              "description" : "The size of the object in gigabytes"
            }
          }
        }
      },
      "ownerTableSegments" : {
        "type" : "array",
        "items" : {
          "type" : "object",
          "id" : "urn:jsonschema:com:oracle:premigration:dbinspector:addinform:schemasummary:OwnerTableSegments",
          "additionalProperties" : false,
          "properties" : {
            "owner" : {
              "type" : "string",
              "description" : "The owner of the table"
            },
            "segments" : {
              "type" : "integer",
              "description" : "The total number of table segments"
            },
            "gigabytes" : {
              "type" : "number",
              "description" : "The total size of table segments in gigabytes"
            }
          }
        }
      },
      "ownerIndexSegments" : {
        "type" : "array",
        "items" : {
          "type" : "object",
          "id" : "urn:jsonschema:com:oracle:premigration:dbinspector:addinform:schemasummary:OwnerIndexSegments",
          "additionalProperties" : false,
          "properties" : {
            "owner" : {
              "type" : "string",
              "description" : "The owner of the index"
            },
            "segments" : {
              "type" : "integer",
              "description" : "The total number of index segments"
            },
            "gigabytes" : {
              "type" : "number",
              "description" : "The total size of index segments in gigabytes"
            }
          }
        }
      },
      "ownerLobSegments" : {
        "type" : "array",
        "items" : {
          "type" : "object",
          "id" : "urn:jsonschema:com:oracle:premigration:dbinspector:addinform:schemasummary:OwnerLobSegments",
          "additionalProperties" : false,
          "properties" : {
            "owner" : {
              "type" : "string",
              "description" : "The owner of the LOB segment"
            },
            "segments" : {
              "type" : "integer",
              "description" : "The total number of LOB segments"
            },
            "gigabytes" : {
              "type" : "number",
              "description" : "The total size of LOB segments in gigabytes"
            }
          }
        }
      },
      "reservedTablespaceSegments" : {
        "type" : "array",
        "items" : {
          "type" : "object",
          "id" : "urn:jsonschema:com:oracle:premigration:dbinspector:addinform:schemasummary:ReservedTablespaceSegments",
          "additionalProperties" : false,
          "properties" : {
            "owner" : {
              "type" : "string",
              "description" : "The owner of the segment"
            },
            "segmentType" : {
              "type" : "string",
              "description" : "The type of the segment"
            },
            "tablespaceName" : {
              "type" : "string",
              "description" : "The name of the tablespace"
            },
            "segments" : {
              "type" : "integer",
              "description" : "The total number of segments"
            }
          }
        }
      },
      "secureFiles" : {
        "type" : "array",
        "items" : {
          "type" : "object",
          "id" : "urn:jsonschema:com:oracle:premigration:dbinspector:addinform:schemasummary:SecureFiles",
          "additionalProperties" : false,
          "properties" : {
            "owner" : {
              "type" : "string",
              "description" : "The owner of the secure file"
            },
            "secureFile" : {
              "type" : "string",
              "description" : "Whether the file is stored securely"
            },
            "compression" : {
              "type" : "string",
              "description" : "The compression algorithm used for the file"
            },
            "deduplication" : {
              "type" : "string",
              "description" : "Whether deduplication is enabled for the file"
            },
            "encrypt" : {
              "type" : "string",
              "description" : "Whether encryption is enabled for the file"
            },
            "total" : {
              "type" : "integer",
              "description" : "The total number of secure files"
            }
          }
        }
      }
    }
  },
  "srcDataBaseHostName" : {
    "type" : "string",
    "description" : "The host name of the machine where the source database is running"
  },
  "srcOracleSID" : {
    "type" : "string",
    "description" : "The ORACLE SID/SERVICE. This field represents something either, a) passed in, b) found in the environment, or, c) derived from 'a' and/or 'b'."
  },
  "srcDatabaseCreatedDate" : {
    "type" : "string",
    "description" : "The source database CREATED date.",
    "format" : "date-time"
  },
  "srcDatabaseDBID" : {
    "type" : "integer",
    "description" : "The source database DBID."
  },
  "srcDatabaseUniqueName" : {
    "type" : "string",
    "description" : "The source database DB_UNIQUE_NAME"
  },
  "srcInstanceName" : {
    "type" : "string",
    "description" : "The Source Instance Name. This field represents something either, a) passed in, b) found in the environment, or, c) derived from 'a' and/or 'b'."
  },
  "srcDatabaseName" : {
    "type" : "string",
    "description" : "The Source Database Name."
  },
  "srcDatabaseUser" : {
    "type" : "string",
    "description" : "The User that was used to perform the analysis (may not have been specified on the command line if a wallet based connection was used)."
  },
  "srcDatabasePortString" : {
    "type" : "string",
    "description" : "The Source Database PORT_STRING."
  },
  "srcDatabasePlatformID" : {
    "type" : "integer",
    "description" : "The Source Database PLATFORM_ID."
  },
  "srcDatabaseVersion" : {
    "type" : "string",
    "description" : "The Source Database Version.  Typical format: '\\d+(\\.\\d+){1,4}'"
  },
  "srcContainerName" : {
    "type" : "string",
    "description" : "The Source Database Container Name (if there is one)"
  },
  "srcDatabaseVersionData" : {
    "type" : "array",
    "description" : "Additional Source Database Version info",
    "items" : {
      "type" : "object",
      "additionalProperties" : {
        "type" : "string"
      }
    }
  },
  "srcDatabaseCompatible" : {
    "type" : "string",
    "description" : "The Source Database Compatible Version. Typical format: '\\d+(\\. d+) {1,4} '"
  },
  "srcDatabasePatchInfo" : {
    "type" : "array",
    "description" : "Source Database Patch info",
    "items" : {
      "type" : "object",
      "additionalProperties" : {
        "type" : "string"
      }
    }
  },
  "srcNumSchemasPresent" : {
    "type" : "integer",
    "description" : "The number of schemas found in the database."
  },
  "srcNumSchemasAnalyzed" : {
    "type" : "integer",
    "description" : "The number of schemas analyzed in this report."
  },
  "srcSchemasAnalyzed" : {
    "type" : "array",
    "description" : "The list of schemas that were analyzed.  This will either be the exact same list as what was passed to --schemas, or the list of schemas not in what was passed to --excludeschemas, or the full list of schemas in the database (minus any filtering done the Premigration Advisor).",
    "items" : {
      "type" : "string"
    }
  },
  "srcDbSizeDetails" : {
    "type" : "object",
    "id" : "urn:jsonschema:com:oracle:premigration:dbinspector:addinform:dbsize:DatabaseSizeDetails",
    "description" : "Database amounts for DATA, TEMP, LOG, CONTROL files, and related information.",
    "additionalProperties" : false,
    "properties" : {
      "dbBlockSizeKB" : {
        "type" : "integer",
        "description" : "The source database block size in KB"
      },
      "dbTotalSizeGB" : {
        "type" : "number",
        "description" : "Combined amount of DATA, TEMP, LOG, and CONTROL file usage in GB"
      },
      "dbDataSizeGB" : {
        "type" : "number",
        "description" : "The amount of DATA file usage in GB"
      },
      "dbTempSizeGB" : {
        "type" : "number",
        "description" : "The amount of TEMP file usage in GB"
      },
      "dbLogSizeGB" : {
        "type" : "number",
        "description" : "The amount of LOG file usage in GB"
      },
      "dbControlSizeGB" : {
        "type" : "number",
        "description" : "The amount of CONTROL file usage in GB"
      }
    }
  },
  "srcMemoryCPUInfo" : {
    "type" : "object",
    "id" : "urn:jsonschema:com:oracle:premigration:dbinspector:addinform:oee:MemoryCPUInfo",
    "description" : "Memory and CPU related information from the source database",
    "additionalProperties" : false,
    "properties" : {
      "instanceCount" : {
        "type" : "integer",
        "description" : "Number of instances in the database."
      },
      "memoryManagementType" : {
        "type" : "string",
        "description" : "Type of memory management used by the database (e.g., AMM, ASMM, MANUAL)."
      },
      "databaseMemoryGB" : {
        "type" : "number",
        "description" : "Total amount of memory allocated to the database in GB."
      },
      "physicalMemoryGB" : {
        "type" : "number",
        "description" : "Amount of physical memory available on the host machine in GB."
      },
      "inMemorySizeGB" : {
        "type" : "number",
        "description" : "Size of the in-memory area in GB."
      },
      "sgaGB" : {
        "type" : "number",
        "description" : "Size of the System Global Area (SGA) in GB."
      },
      "pgaGB" : {
        "type" : "number",
        "description" : "Size of the Program Global Area (PGA) in GB."
      },
      "vectorMemorySizeGB" : {
        "type" : "number",
        "description" : "Vector memory size in GB."
      },
      "cpuCoreCount" : {
        "type" : "integer",
        "description" : "Number of CPU cores available on the host machine."
      },
      "cpuCount" : {
        "type" : "integer",
        "description" : "Number of CPUs available on the host machine."
      }
    }
  },
  "srcDatabaseOptions" : {
    "type" : "array",
    "description" : "Database options retrieved from the source database",
    "items" : {
      "type" : "object",
      "id" : "urn:jsonschema:com:oracle:premigration:dbinspector:addinform:oee:DatabaseOption",
      "additionalProperties" : false,
      "properties" : {
        "compId" : {
          "type" : "string",
          "description" : "Unique identifier for the component."
        },
        "compName" : {
          "type" : "string",
          "description" : "Name of the component."
        },
        "version" : {
          "type" : "string",
          "description" : "Version of the component."
        },
        "versionFull" : {
          "type" : "string",
          "description" : "Full version string of the component, if available."
        },
        "status" : {
          "type" : "string",
          "description" : "Status of the component."
        }
      }
    }
  },
  "srcDbDataGuardDetails" : {
    "type" : "object",
    "id" : "urn:jsonschema:com:oracle:premigration:dbinspector:addinform:oee:DataGuard",
    "description" : "Database Oracle Data Guard details",
    "additionalProperties" : false,
    "properties" : {
      "forceLogging" : {
        "type" : "string",
        "description" : "Indicates whether the database is in force logging mode."
      },
      "blockChangeTracking" : {
        "type" : "string",
        "description" : "Indicates whether change tracking is enabled."
      },
      "controlfileType" : {
        "type" : "string",
        "description" : "Indicates the type of control file for the database."
      },
      "openMode" : {
        "type" : "string",
        "description" : "Indicates the database mode (Is it read only? Is it read write?)."
      },
      "protectionMode" : {
        "type" : "string",
        "description" : "Indicates the protection mode currently in effect for the database."
      },
      "protectionLevel" : {
        "type" : "string",
        "description" : "Indicates the aggregated protection mode currently in effect for the database."
      },
      "databaseRole" : {
        "type" : "string",
        "description" : "Indicates the current role of the database (Is it the primary DB? Is it standby?)."
      },
      "dataguardBroker" : {
        "type" : "string",
        "description" : "Indicates whether the Data Guard broker is enabled."
      },
      "flashbackDB" : {
        "type" : "string",
        "description" : "Indicates whether DB flashback is enabled."
      }
    }
  },
  "srcNlsDatabaseParameters" : {
    "type" : "array",
    "description" : "Database NLS Parameters retrieved from the source database",
    "items" : {
      "type" : "object",
      "id" : "urn:jsonschema:com:oracle:premigration:dbinspector:addinform:oee:NlsDatabaseParameter",
      "additionalProperties" : false,
      "properties" : {
        "parameter" : {
          "type" : "string",
          "description" : "The name of the NLS database parameter."
        },
        "value" : {
          "type" : "string",
          "description" : "The value of the NLS database parameter."
        }
      }
    }
  },
  "srcDbSupplementalLoggingSettings" : {
    "type" : "object",
    "id" : "urn:jsonschema:com:oracle:premigration:dbinspector:addinform:oee:SupplementalLogging",
    "description" : "Supplemental logging settings retrieved from the source database",
    "additionalProperties" : false,
    "properties" : {
      "supplementalLogDataMin" : {
        "type" : "string",
        "description" : "Minimum supplemental logging data."
      },
      "supplementalLogDataPK" : {
        "type" : "string",
        "description" : "Primary key supplemental logging data."
      },
      "supplementalLogDataUI" : {
        "type" : "string",
        "description" : "Unique index supplemental logging data."
      },
      "supplementalLogDataFK" : {
        "type" : "string",
        "description" : "Foreign key supplemental logging data."
      },
      "supplementalLogDataAll" : {
        "type" : "string",
        "description" : "All supplemental logging data."
      }
    }
  },
  "srcDatabaseParameters" : {
    "type" : "array",
    "description" : "Database Parameters retrieved from the source database",
    "items" : {
      "type" : "object",
      "id" : "urn:jsonschema:com:oracle:premigration:dbinspector:addinform:oee:DatabaseParameter",
      "additionalProperties" : false,
      "properties" : {
        "name" : {
          "type" : "string",
          "description" : "The name of the database parameter."
        },
        "type" : {
          "type" : "integer",
          "description" : "The type of the database parameter."
        },
        "value" : {
          "type" : "string",
          "description" : "The value of the database parameter."
        },
        "isDefault" : {
          "type" : "string",
          "description" : "Indicates whether the parameter is set to its default value."
        },
        "isModified" : {
          "type" : "string",
          "description" : "Indicates whether the parameter has been modified."
        },
        "isDeprecated" : {
          "type" : "string",
          "description" : "Indicates whether the parameter is deprecated."
        }
      }
    }
  },
  "srcInstanceState" : {
    "type" : "array",
    "description" : "Source database instance state retrieved from GV$INSTANCE",
    "items" : {
      "type" : "object",
      "id" : "urn:jsonschema:com:oracle:premigration:dbinspector:addinform:oee:InstanceState",
      "additionalProperties" : false,
      "properties" : {
        "instanceNumber" : {
          "type" : "integer",
          "description" : "Unique identifier for the instance."
        },
        "instanceName" : {
          "type" : "string",
          "description" : "Name of the instance."
        },
        "hostName" : {
          "type" : "string",
          "description" : "Hostname where the instance is running."
        },
        "version" : {
          "type" : "string",
          "description" : "Version of the database software."
        },
        "versionFull" : {
          "type" : "string",
          "description" : "Full version string of the database software (available in Oracle 12c and later)."
        },
        "startupTime" : {
          "type" : "string",
          "description" : "The date-time the instance was started in ISO_DATE_TIME format. e.g. 2025-02-28T17:00:00Z",
          "format" : "date-time"
        },
        "status" : {
          "type" : "string",
          "description" : "Current status of the instance (e.g. 'OPEN', 'MOUNTED', etc.)."
        },
        "threadNumber" : {
          "type" : "integer",
          "description" : "Thread number assigned to the instance."
        },
        "instanceRole" : {
          "type" : "string",
          "description" : "Role of the instance (e.g. 'PRIMARY', 'STANDBY', etc.)."
        }
      }
    }
  },
  "srcDatabaseTablespaceInfo" : {
    "type" : "object",
    "id" : "urn:jsonschema:com:oracle:premigration:dbinspector:addinform:TablespaceData",
    "description" : "Source database tablespace information",
    "additionalProperties" : false,
    "properties" : {
      "tablespaceDetails" : {
        "type" : "array",
        "description" : "Tablespace Information",
        "items" : {
          "type" : "object",
          "id" : "urn:jsonschema:com:oracle:premigration:dbinspector:addinform:tablespace:TablespaceDetails",
          "additionalProperties" : false,
          "properties" : {
            "tablespaceName" : {
              "type" : "string",
              "description" : "The name of the tablespace."
            },
            "blockSize" : {
              "type" : "number",
              "description" : "The block size for the tablespace."
            },
            "maxSize" : {
              "type" : "number",
              "description" : "The maximum size for the segments in the tablespace."
            },
            "status" : {
              "type" : "string",
              "description" : "The status of the tablespace."
            },
            "contents" : {
              "type" : "string",
              "description" : "The type of tablespace (the type of content it holds)."
            },
            "logging" : {
              "type" : "string",
              "description" : "Whether logging is enabled for this tablespace."
            },
            "forceLogging" : {
              "type" : "string",
              "description" : "Whether force logging mode is enabled for this tablespace."
            },
            "extentManagement" : {
              "type" : "string",
              "description" : "Indicates how the extents in the tablespace are managed."
            },
            "allocationType" : {
              "type" : "string",
              "description" : "Type of extent allocation in effect for the tablespace."
            },
            "segmentSpaceManagement" : {
              "type" : "string",
              "description" : "Indicates how the free and used segment space in the tablespace is managed."
            },
            "bigfile" : {
              "type" : "string",
              "description" : "Indicates whether the tablespace is a bigfile tablespace."
            },
            "encrypted" : {
              "type" : "string",
              "description" : "Indicates whether the tablespace is encrypted."
            },
            "compressFor" : {
              "type" : "string",
              "description" : "Default compression type for the tablespace."
            },
            "currentSizeGB" : {
              "type" : "number",
              "description" : "The size of the tablespace that has been used (GB)."
            }
          }
        }
      },
      "dataFilesDetails" : {
        "type" : "array",
        "description" : "Data File Information",
        "items" : {
          "type" : "object",
          "id" : "urn:jsonschema:com:oracle:premigration:dbinspector:addinform:tablespace:DataFiles",
          "additionalProperties" : false,
          "properties" : {
            "fileName" : {
              "type" : "string",
              "description" : "Name of the database file."
            },
            "fileId" : {
              "type" : "integer",
              "description" : "Absolute file number of the database file ."
            },
            "tablespaceName" : {
              "type" : "string",
              "description" : "Name of the tablespace to which the file belongs."
            },
            "currentSizeGB" : {
              "type" : "number",
              "description" : "Size of the file in GB."
            },
            "blocks" : {
              "type" : "number",
              "description" : "Size of the file in Oracle blocks."
            },
            "status" : {
              "type" : "string",
              "description" : "File status: AVAILABLE or INVALID (INVALID means that the file number is not in use, for example, a file in a tablespace that was dropped)."
            },
            "autoExtensible" : {
              "type" : "string",
              "description" : "Indicates whether data file is auto extensible."
            },
            "maxBytes" : {
              "type" : "number",
              "description" : "Maximum file size in bytes."
            },
            "maxBlocks" : {
              "type" : "number",
              "description" : "Maximum file size in blocks"
            },
            "incrementBy" : {
              "type" : "number",
              "description" : "Number of Oracle blocks used as autoextension increment."
            },
            "userBytes" : {
              "type" : "number",
              "description" : "The size of the file available for user data. The actual size of the file minus the USER_BYTES value is used to store file related metadata."
            },
            "userBlocks" : {
              "type" : "number",
              "description" : "Number of blocks which can be used by the data."
            },
            "onlineStatus" : {
              "type" : "string",
              "description" : "Online status of the file."
            }
          }
        }
      }
    }
  },
  "srcApplications" : {
    "type" : "object",
    "id" : "urn:jsonschema:com:oracle:premigration:dbinspector:SourceApplications",
    "description" : "Checks if any application is running in the database",
    "additionalProperties" : false,
    "properties" : {
      "srcOwnerEBS" : {
        "type" : [ "string", "null" ]
      },
      "srcOwnerSiebel" : {
        "type" : [ "string", "null" ]
      },
      "srcOwnerPeopleSoft" : {
        "type" : [ "string", "null" ]
      },
      "srcOwnerSAP" : {
        "type" : [ "string", "null" ]
      },
      "srcOwnerFusionHCM" : {
        "type" : [ "string", "null" ]
      },
      "srcOwnerFusionFinancials" : {
        "type" : [ "string", "null" ]
      },
      "srcOwnerFusionSCM" : {
        "type" : [ "string", "null" ]
      },
      "srcOwnerFusionCX" : {
        "type" : [ "string", "null" ]
      }
    }
  },
  "targetCloudType" : {
    "type" : "string",
    "description" : "The type of ADB instance that the Premigration Advisor is targeting",
    "enum" : [ "ALL", "ATPS", "ATPD", "ADWS", "ADWD", "DEFAULT" ]
  },
  "targetCloudVersion" : {
    "type" : "string",
    "description" : "Version of the target database. Not present when app invoked without valid --analysisprops file. format: '\\d+(\\.\\d+){1,4}'"
  },
  "targetMigrationStrategies" : {
    "type" : "array",
    "description" : "The migration approaches the caller of our app indicated (or defaulted). This field filters/alters the list of Checks that will be performed. Defaults to 'DATAPUMP'",
    "items" : {
      "type" : "string",
      "enum" : [ "ALL", "DATAPUMP", "DATAPUMP_DBLINK", "GOLDENGATE" ]
    }
  },
  "commandLineOptions" : {
    "type" : "string",
    "description" : "The resultant command line used to invoke the Cloud Premigration Advisor Tool"
  },
  "checksSummary" : {
    "type" : "object",
    "id" : "urn:jsonschema:com:oracle:premigration:reports:ChecksSummary",
    "description" : "Summarizes the results of the checks.",
    "additionalProperties" : false,
    "properties" : {
      "analyzedSchemaSummary" : {
        "type" : "string",
        "description" : "Number & names of schemas analyzed"
      },
      "totalNumberOfChecksPerformed" : {
        "type" : "string",
        "description" : "Number of checks run"
      },
      "fatalChecks" : {
        "type" : "string",
        "description" : "The number and names of checks for result type FATAL. This string will look like: There were X FATAL checks: one_check_name, another_check_name..."
      },
      "blockerChecks" : {
        "type" : "string",
        "description" : "The number and names of checks for result type BLOCKER. This string will look like: There were X BLOCKER checks: one_check_name, another_check_name..."
      },
      "warningChecks" : {
        "type" : "string",
        "description" : "The number and names of checks for result type WARNING. This string will look like: There were X WARNING checks: one_check_name, another_check_name..."
      },
      "infoChecks" : {
        "type" : "string",
        "description" : "The number and names of checks for result type INFORMATIONAL. This string will look like: There were X INFORMATIONAL checks: one_check_name, another_check_name..."
      },
      "passingChecks" : {
        "type" : "string",
        "description" : "The number and names of checks for result type PASS. This string will look like: There were X PASS checks: one_check_name, another_check_name..."
      },
      "fixupsSummary" : {
        "type" : "string",
        "description" : "The number of fixups generated during analysis"
      }
    }
  },
  "checkList" : {
    "type" : "array",
    "description" : "The list of all Checks performed (Schema Specific and Instance-wide).",
    "items" : {
      "type" : "object",
      "id" : "urn:jsonschema:com:oracle:premigration:dbinspector:Check",
      "additionalProperties" : false,
      "properties" : {
        "name" : {
          "type" : "string",
          "description" : "The name of the check"
        },
        "targetCloud" : {
          "type" : "array",
          "description" : "The flavors of Cloud offerings that the check applies to.",
          "items" : {
            "type" : "string",
            "enum" : [ "ALL", "ATPS", "ATPD", "ADWS", "ADWD", "DEFAULT" ]
          }
        },
        "lockdownProfiles" : {
          "type" : "array",
          "description" : "The flavors of lockdown profiles that the check applies to.",
          "items" : {
            "type" : "string",
            "enum" : [ "PAAS_ATPD", "ADW_ADWD", "OLTP_ATPS", "DWCS_ADWS", "ADB_UNSUPPORTED", "NOT_AUTONOMOUS", "NONE" ]
          }
        },
        "scope" : {
          "type" : "string",
          "description" : "The Scope of the Check",
          "enum" : [ "INSTANCE", "SCHEMA", "SCHEMA_ONLY", "UNIVERSAL" ]
        },
        "title" : {
          "type" : "string",
          "description" : "The title of the check"
        },
        "description" : {
          "type" : "string",
          "description" : "The Description of what the check does"
        },
        "failureImpact" : {
          "type" : "string",
          "description" : "Text describing what the implications are if the check isn't successful (non PASS outcome)"
        },
        "action" : {
          "type" : "string",
          "description" : "Text describing what action/recourse a DBA might have when the check isn't successful (non PASS outcome)"
        },
        "result" : {
          "type" : "string",
          "description" : "The result of executing this check against the source database/schema(s)Typically the contents of the relevantObjectsData field will be used to determine if the result will be PASS or not.",
          "enum" : [ "PASS", "INFORMATIONAL", "WARNING", "BLOCKER", "FATAL" ]
        },
        "errorMessage" : {
          "type" : "string",
          "description" : "Should a check not run to completion as expected then this field should provide some indication as to the cause"
        },
        "migrationMethods" : {
          "type" : "array",
          "description" : "The list of migration methods this check applies to.",
          "items" : {
            "type" : "string",
            "enum" : [ "ALL", "DATAPUMP", "DATAPUMP_DBLINK", "GOLDENGATE" ]
          }
        },
        "executedSQL" : {
          "type" : "string",
          "description" : "The actual SQL executed to perform this Check. Should represent something someone could copy/paste into SQL Developer."
        },
        "relevantObjectsData" : {
          "type" : "array",
          "description" : "The list of database objects that are relevant to the check. Sometimes this data is referred to as 'Offending Data'. The structure of the objects in this array varies depending on the needs of each particular check.However, the data for each check will always be uniform with same number and name of attributes per object and all object values being strings",
          "items" : {
            "type" : "object",
            "additionalProperties" : {
              "type" : "string"
            }
          }
        },
        "filtrationMetadata" : {
          "type" : "object",
          "id" : "urn:jsonschema:com:oracle:premigration:reports:CheckFiltrationMetadata",
          "description" : "Metadata pointers that can be used to derive Analysis Property REPORT_FILTER values that can be used to filter (include/exclude) relevant objects data.",
          "additionalProperties" : false,
          "properties" : {
            "schemaOwnerColumn" : {
              "type" : "string",
              "description" : "Indicates which 'column' in relevantObjectsData represents the owner of the object. E.g., it could be the 'OWNER', 'TABLE_OWNER', 'USERNAME', or some other value."
            },
            "objectNameColumn" : {
              "type" : "string",
              "description" : "Indicates which 'column' in relevantObjectsData represents the name of the object. E.g. it could be 'TABLE_NAME', 'SYNONYM_NAME', 'DIRECTORY_NAME', or 'OBJECT_NAME', or some other value."
            },
            "objectTypeColumn" : {
              "type" : "string",
              "description" : "When possible, indicates which 'column' in relevantObjectsData represents the type of the object. E.g. it could be 'OBJECT_TYPE', some other value, or the empty string which indicates that all the rows in relevantObjectData are the same type and that type is specified by the 'objectTypeFixed' value."
            },
            "objectTypeFixed" : {
              "type" : "string",
              "description" : "When objectTypeColumn is empty this Indicates which 'column' in relevantObjectsData represents the type of the object.  If the value for 'objectTypeColumn' is not empty then the value for this property will be empty."
            }
          }
        },
        "filteredObjectsData" : {
          "type" : "array",
          "description" : "The list of database objects that are relevant to the check but are have been 'filtered out' and are ignored when deriving the result of the check",
          "items" : {
            "type" : "object",
            "additionalProperties" : {
              "type" : "string"
            }
          }
        },
        "omittedRelevantObjectsCount" : {
          "type" : "integer",
          "description" : "The number of relevant objects that were omitted due to the invoker of CPAT specifying a maximum"
        },
        "omittedFilteredObjectsCount" : {
          "type" : "integer",
          "description" : "The number of filtered relevant objects that were omitted due to the invoker of CPAT specifying a maximum"
        },
        "fixups" : {
          "type" : "array",
          "description" : "Optional details on fixups for addressing this check should the check not pass",
          "items" : {
            "type" : "object",
            "id" : "urn:jsonschema:com:oracle:premigration:dbinspector:fixups:Fixup",
            "additionalProperties" : false,
            "properties" : {
              "type" : {
                "type" : "string",
                "enum" : [ "SQL_FILE" ]
              },
              "fixupName" : {
                "type" : "string"
              },
              "fixupLocus" : {
                "type" : "string",
                "enum" : [ "source", "target" ]
              },
              "relativeFilePath" : {
                "type" : "string"
              },
              "restartRequired" : {
                "type" : "boolean"
              },
              "runAtCDBLevel" : {
                "type" : "boolean"
              },
              "notes" : {
                "type" : "array",
                "items" : {
                  "type" : "string"
                }
              }
            }
          }
        },
        "grouping" : {
          "type" : "string",
          "description" : "The Grouping or Category of the Check for reporting purposes",
          "enum" : [ "SOURCE", "TARGET", "MIGRATION_METHOD", "OTHER" ]
        }
      }
    }
  }
}